{"min_": [-0.2, -0.097997443544951], "scale_": [0.01, 0.0293992330634853], "data_min_": [20.0, 3.3333333333333335], "data_max_": [120.0, 37.34782608695652], "feature_range": [0, 1]}