{"min": [-0.05263157894736842, 0.0, 0.0, -0.33333333333333337, -0.05263157894736842], "scale": [0.005263157894736842, 0.25, 0.09090909090909091, 0.011111111111111112, 0.3157894736842105]}